"Детские сады / Ясли"#"Детский сад №307, Колокольчик"#"Гвардейская, 10"#"61.37222182939 55.144250919395"
"Детские сады / Ясли"#"Детский сад №412, Веселые человечки, художественно-эстетического направления развития"#"Комсомольский проспект, 74а"#"61.313854308771 55.195702485666"
"Детские сады / Ясли"#"Детский сад №35"#"Университетская Набережная, 90"#"61.300786079486 55.16141659274"
"Детские сады / Ясли"#"Детский сад №18"#"Скульптора Головницкого, 18"#"61.280722421472 55.207969056096"
"Детские сады / Ясли"#"Какаду, детский сад"#"Академика Макеева, 7а"#"61.297673725929 55.165906848573"
"Детские сады / Ясли"#"Детский сад №481, комбинированного вида"#"250 лет Челябинску, 30а"#"61.291781367901 55.177033068114"
"Детские сады / Ясли"#"Детский сад №23, Кенгу.ru"#"250 лет Челябинску, 65"#"61.287839254181 55.16570602286"
"Детские сады / Ясли"#"Рыжики, детский сад"#"Российская, 222а"#"61.416822961106 55.154860243142"
"Детские сады / Ясли"#"Детский сад №435, центр развития ребенка"#"Братьев Кашириных, 107а"#"61.335789253957 55.177336447802"
"Детские сады / Ясли"#"Детский сад №454, Антошка, центр развития ребенка"#"Университетская Набережная, 24а"#"61.36060097495 55.177101806385"
"Детские сады / Ясли"#"Детский сад №234, комбинированного вида"#"Островского, 27Б"#"61.382056728811 55.186502592307"
"Детские сады / Ясли"#"Детский сад №17, Семицветик, для детей с нарушениями опорно-двигательного аппарата"#"40 лет Победы, 31а"#"61.30447971307 55.183937903692"
"Детские сады / Ясли"#"Детский сад №52, интеллектуального направления развития"#"Красная, 44"#"61.39211650938 55.156596681522"
"Детские сады / Ясли"#"Детский сад №480, Алые паруса, комбинированного вида"#"Чичерина, 4Б"#"61.279695083167 55.188282226422"
"Детские сады / Ясли"#"Детский сад №30, Фламинго"#"Зальцмана, 24"#"61.524693714369 55.16857033942"
"Детские сады / Ясли"#"Детский сад №350, центр развития ребенка"#"Победы проспект, 306а"#"61.343979625259 55.190669870053"
"Детские сады / Ясли"#"Детский сад №152, Терем"#"Овчинникова, 8а/1"#"61.407589358649 55.144515151802"
"Детские сады / Ясли"#"Детский сад №459, Березка, комбинированного вида"#"Чичерина, 15а"#"61.292151550759 55.186027844399"
"Детские сады / Ясли"#"Детский сад №378, Цветик-семицветик, центр развития ребенка"#"Комсомольский проспект, 105а"#"61.292844804682 55.187996801881"
"Детские сады / Ясли"#"Детский сад №455, комбинированного вида"#"Чайковского, 185а"#"61.355895118294 55.176707656233"
"Детские сады / Ясли"#"Детский сад №125, центр развития ребенка"#"Копейское шоссе, 47а"#"61.448353664304 55.142132284051"
"Детские сады / Ясли"#"Детский сад №426, Солнечная поляна, центр развития ребенка"#"Комсомольский проспект, 80а"#"61.307880186069 55.195689907509"
"Детские сады / Ясли"#"Детский сад №339, центр развития ребенка"#"Елькина, 86Б"#"61.395688919342 55.152395448406"
"Детские сады / Ясли"#"Детский сад №438, комбинированного вида"#"Энгельса, 38а"#"61.379186926169 55.155626742817"
"Детские сады / Ясли"#"Детский сад №473, центр развития ребенка"#"40 лет Победы, 10а"#"61.289021311779 55.190606221862"
"Детские сады / Ясли"#"Детский сад №408, центр развития ребенка"#"Ворошилова, 37а"#"61.323546863082 55.1910464895"
"Детские сады / Ясли"#"Детский сад №57, комбинированного вида"#"Братьев Кашириных, 105Б"#"61.338335614985 55.176934882037"
"Детские сады / Ясли"#"Детский сад №310, Лесная полянка, центр развития ребенка"#"Курчатова, 20а"#"61.392899538812 55.15102595624"
"Детские сады / Ясли"#"Детский сад №482, центр развития ребенка"#"Чичерина, 40Б"#"61.296196657063 55.174656733858"
"Детские сады / Ясли"#"Детский сад №440, центр развития ребенка"#"Братьев Кашириных, 103а"#"61.342237774034 55.177097718309"
"Детские сады / Ясли"#"Дошкольное отделение, Средняя общеобразовательная школа №59"#"Мамина пер, 6Б"#"61.484124752356 55.196519967842"
"Детские сады / Ясли"#"Детский сад №337, комбинированного вида"#"Комсомольский проспект, 41в"#"61.339933486362 55.192412613979"
"Детские сады / Ясли"#"Детский сад №389, центр развития ребенка"#"Молодогвардейцев, 20"#"61.329233210811 55.197302693069"
"Детские сады / Ясли"#"Детский сад №2, комбинированного вида"#"Южный бульвар, 22"#"61.42917655548 55.139589768404"
"Детские сады / Ясли"#"Детский сад №108, комбинированного вида"#"Чичерина, 21а"#"61.295962838486 55.182603559675"
"Детские сады / Ясли"#"Детский сад №462, центр развития ребенка"#"250 лет Челябинску, 13Б"#"61.304276513231 55.179356908312"
"Детские сады / Ясли"#"Детский сад №413, комбинированного вида"#"Доватора, 18а"#"61.399073219991 55.140354221014"
"Детские сады / Ясли"#"Детский сад №329, Зеленый лужок, центр развития ребенка"#"Победы проспект, 296а"#"61.351337260834 55.191934427881"
"Детские сады / Ясли"#"Детский сад №308, комбинированного вида"#"Художника Русакова, 5а"#"61.338575290877 55.184896020711"
"Детские сады / Ясли"#"Детский сад №457, Ласточка, центр развития ребенка"#"40 лет Победы, 21Б"#"61.29994359467 55.188670245016"
"Детские сады / Ясли"#"Детский сад №366, центр развития ребенка"#"Молодогвардейцев, 56в"#"61.330306102406 55.186325047641"
"Детские сады / Ясли"#"Детский сад №84, компенсирующего вида для детей с тяжелыми нарушениями речи"#"Худякова, 17а"#"61.373571706457 55.146461074501"
"Детские сады / Ясли"#"Детский сад №29, Непоседа, г. Копейск"#"Коммунистический проспект, 19Б"#"61.614473319694 55.110470103408"
"Детские сады / Ясли"#"Детский сад №424, центр развития ребенка"#"Комсомольский проспект, 86а"#"61.302815894901 55.195713041555"
"Детские сады / Ясли"#"Детский сад №362, центр развития ребенка"#"Куйбышева, 17Б"#"61.357802724453 55.196634010073"
"Детские сады / Ясли"#"Детский сад №365, комбинированного вида"#"Молодогвардейцев, 42а"#"61.330146068032 55.192082427397"
"Детские сады / Ясли"#"Детский сад №5, комбинированного вида (санаторные группы)"#"Ковшовой, 5"#"61.351261659828 55.116844216479"
"Детские сады / Ясли"#"Детский сад №166, Елочка, комбинированного вида"#"Кудрявцева, 14"#"61.421125386627 55.182893481394"
"Детские сады / Ясли"#"Детский сад №470, Игрушка, комбинированного вида"#"Чичерина, 5Б"#"61.286510470201 55.189730851287"
"Детские сады / Ясли"#"Детский сад №64, центр развития ребенка"#"Дзержинского, 12"#"61.465802865081 55.122648024366"
"Детские сады / Ясли"#"Детский сад №154, художественно-эстетического направления развития"#"Грозненская, 56"#"61.449081427202 55.117457418985"
"Детские сады / Ясли"#"Детский сад №73, центр развития ребенка"#"250 лет Челябинску, 7а"#"61.313872189965 55.180064355465"
"Детские сады / Ясли"#"Детский сад №265, интеллектуального направления развития"#"Каслинская, 29а"#"61.395544318798 55.18066598555"
"Детские сады / Ясли"#"Средняя общеобразовательная школа №123 с дошкольным отделением"#"Молодогвардейцев, 62Б"#"61.330100296031 55.183340655946"
"Детские сады / Ясли"#"Детский сад №478"#"Чичерина, 4"#"61.280937131303 55.188829468106"
"Детские сады / Ясли"#"Детский сад №114, художественно-эстетического направления"#"Металлургов шоссе, 19а"#"61.396202374185 55.247990196586"
"Детские сады / Ясли"#"Детский сад №370, центр развития ребенка"#"Героев Танкограда, 65а"#"61.453169102698 55.174040838931"
"Детские сады / Ясли"#"Детский сад №439, комбинированного вида"#"Салавата Юлаева, 14"#"61.277431179338 55.190546083246"
"Детские сады / Ясли"#"Детский сад №48, г. Копейск"#"Луганская (Потанино), 3а"#"61.619420836808 55.17578039228"
"Детские сады / Ясли"#"Детский сад №34, центр развития ребенка"#"Ереванская, 12а"#"61.462807966201 55.114783343393"
"Детские сады / Ясли"#"Детский сад №293, центр развития ребенка"#"Коммуны, 86а"#"61.384141225379 55.163117509126"
"Детские сады / Ясли"#"Детский сад №157"#"Татьяничевой, 12в"#"61.366778454178 55.150367152415"
"Детские сады / Ясли"#"Детский сад №423, комбинированного вида"#"Шенкурская, 11а"#"61.397310001286 55.189280332771"
"Детские сады / Ясли"#"Детский сад №165, центр развития ребенка"#"Липецкая, 10"#"61.384693863936 55.256650925327"
"Детские сады / Ясли"#"Детский сад №393, Чебурашка, центр развития ребенка"#"Комарова, 112Б"#"61.454407735027 55.175903167331"
"Детские сады / Ясли"#"Детский сад №375, центр развития ребенка"#"Гражданская, 10Б"#"61.425180342135 55.138239378574"
"Детские сады / Ясли"#"Детский сад №195"#"Ленина проспект, 74Б"#"61.37302752051 55.160502568134"
"Детские сады / Ясли"#"Детский сад №449, центр развития ребенка"#"Краснооктябрьская, 18"#"61.387787701292 55.251219911519"
"Детские сады / Ясли"#"Детский сад №193"#"Энгельса, 69"#"61.381799664051 55.158680299513"
"Детские сады / Ясли"#"Детский сад №301, художественно-эстетического направления развития"#"Марченко, 29а"#"61.460944100029 55.164559152561"
"Детские сады / Ясли"#"Детский сад №150, центр развития ребенка"#"Сахалинская, 31"#"61.354009437597 55.297728958354"
"Детские сады / Ясли"#"Детский сад №442, центр развития ребенка"#"Хохрякова, 16а"#"61.485281033876 55.180015628532"
"Детские сады / Ясли"#"Детский сад №209, комбинированного вида"#"Свердловский проспект, 22а"#"61.384905812977 55.186556831837"
"Детские сады / Ясли"#"Детский сад №355, физического направления развития"#"Красного Урала, 11а"#"61.357807430623 55.195859178567"
"Детские сады / Ясли"#"Детский сад №251, центр развития ребенка"#"Мамина, 5а"#"61.475410059695 55.197153337972"
"Детские сады / Ясли"#"Детский сад №353, центр развития ребенка"#"Краснознаменная, 26"#"61.3790097978 55.185164435576"
"Детские сады / Ясли"#"Детский сад №218, комбинированного вида"#"Батумская, 22"#"61.465255467594 55.116273268672"
"Детские сады / Ясли"#"Детский сад №460, комбинированного вида"#"Харлова, 13а"#"61.431166948612 55.147914099301"
"Детские сады / Ясли"#"Детский сад №257, художественно-эстетического направления развития"#"Гагарина (Ленинский), 60в"#"61.431269609001 55.117773292133"
"Детские сады / Ясли"#"Детский сад №13, компенсирующего вида для детей с тяжелыми нарушениями речи"#"Энгельса, 41"#"61.381244511289 55.165990732023"
"Детские сады / Ясли"#"Детский сад №85, центр развития ребенка"#"Южноуральская, 18"#"61.463693592865 55.179888364295"
"Детские сады / Ясли"#"Детский сад №268, комбинированного вида"#"Гагарина (Ленинский), 52а"#"61.43239983292 55.122491112094"
"Детские сады / Ясли"#"Детский сад №215, комбинированного вида"#"Танкистов, 136Б"#"61.470490288625 55.173427197919"
"Детские сады / Ясли"#"Детский сад №295, комбинированного вида"#"Гагарина (Ленинский), 39а"#"61.436039181483 55.12490593611"
"Детские сады / Ясли"#"Детский сад №306, комбинированного вида"#"Гагарина (Ленинский), 13а"#"61.443331521792 55.139775220196"
"Детские сады / Ясли"#"Детский сад №418, центр развития ребенка"#"Шуменская, 8"#"61.46260718599 55.176694888827"
"Детские сады / Ясли"#"Дошкольное отделение, Гимназия №93 им. А.Ф. Гелича"#"Куйбышева, 61а"#"61.338128984425 55.196304676045"
"Детские сады / Ясли"#"Детский сад №1, комбинированного вида"#"Братьев Кашириных, 106а"#"61.314028087923 55.179390641793"
"Детские сады / Ясли"#"Детский сад №425, центр развития ребенка"#"Молодогвардейцев, 46а"#"61.328929759504 55.191111365158"
"Детские сады / Ясли"#"Детский сад №277"#"Каслинская, 28а"#"61.390521105735 55.189274438896"
"Детские сады / Ясли"#"Детский сад №476, центр развития ребенка"#"Победы проспект, 335Б"#"61.290319498556 55.179566478161"
"Детские сады / Ясли"#"Детский сад №181, Цветик-Семицветик, центр развития ребенка"#"Худякова, 4а"#"61.378773935496 55.148512075623"
"Детские сады / Ясли"#"Дошкольное отделение, Средняя общеобразовательная школа №84"#"Мамина, 25"#"61.48251307935 55.174160560421"
"Детские сады / Ясли"#"Детский сад №422, комбинированного вида"#"Толбухина, 6а"#"61.347493704714 55.116614523556"
"Детские сады / Ясли"#"Детский сад №358, художественно-эстетического направления развития"#"50 лет ВЛКСМ, 37д"#"61.383235946584 55.235665883925"
"Детские сады / Ясли"#"Детский сад №9, Колобок, комбинированного вида"#"Кирова, 34а"#"61.606203095828 55.094404194847"
"Детские сады / Ясли"#"Детский сад №236, художественно-эстетического направления развития"#"Кудрявцева, 77а"#"61.428398850776 55.175013619957"
"Детские сады / Ясли"#"Детский сад №22, Рябинка, г. Копейск"#"Меховова, 5"#"61.647813468594 55.135128904121"
"Детские сады / Ясли"#"Детский сад №197, интеллектуального направления развития воспитанников"#"Трудовая, 25Б"#"61.39243113077 55.265849907797"
"Детские сады / Ясли"#"Детский сад №101"#"Карпенко, 7"#"61.444973378651 55.178672661616"
"Детские сады / Ясли"#"Росинка, детский сад-ясли"#"Трашутина, 47"#"61.516472717198 55.169852357513"
"Детские сады / Ясли"#"Детский сад №233"#"Новороссийская, 59Б"#"61.476463028085 55.108383051733"
"Детские сады / Ясли"#"Детский сад №105, художественно-эстетического направления развития"#"Либединского, 35"#"61.419694660847 55.182585018347"
"Детские сады / Ясли"#"Детский сад №119, Сказка"#"Свободы, 108"#"61.415172853841 55.145045355264"
"Детские сады / Ясли"#"Детский сад №452, комбинированного вида"#"Братьев Кашириных, 97а"#"61.350200083151 55.176942635003"
"Детские сады / Ясли"#"Детский сад №8, г. Копейск"#"Кирова, 23"#"61.606150475842 55.096429882989"
"Детские сады / Ясли"#"Детский сад №399"#"Салютная, 24"#"61.446528483604 55.17108317409"
"Детские сады / Ясли"#"Детский сад №81, художественно-эстетического направления развития"#"Большевистская, 4а"#"61.398753920784 55.246822844315"
"Детские сады / Ясли"#"Детский сад №212, художественно-эстетического направления развития"#"Марченко, 15г"#"61.465445472297 55.168972958784"
"Детские сады / Ясли"#"Детский сад №19, Солнышко, пос. Рощино"#"Ленина, 15"#"61.266114158332 55.309166741938"
"Детские сады / Ясли"#"Детский сад №316, Лесная полянка, комбинированного вида"#"60 лет Октября, 46а"#"61.383498658633 55.263561289044"
"Детские сады / Ясли"#"Детский сад №443, комбинированного вида"#"Пермская, 53"#"61.424264060351 55.170768748133"
"Детские сады / Ясли"#"Детский сад №458, комбинированного вида"#"250 лет Челябинску, 16Б"#"61.300380971486 55.181403255135"
"Детские сады / Ясли"#"Детский сад №272, Золотой петушок, художественно-эстетического направления развития"#"Социалистическая, 60"#"61.382590051413 55.253224337975"
"Детские сады / Ясли"#"Детский сад №253, комбинированного вида"#"Каслинская, 27Б"#"61.395479289168 55.181388245644"
"Детские сады / Ясли"#"Детский сад №93, центр развития ребенка"#"40 лет Победы, 45а"#"61.31125622122 55.179460704176"
"Детские сады / Ясли"#"Детский сад №343, комбинированного вида"#"Образцова, 6а"#"61.378133544546 55.146575294011"
"Детские сады / Ясли"#"Детский сад №56/1, компенсирующего вида"#"60 лет Октября, 6а"#"61.400249198003 55.265580688007"
"Детские сады / Ясли"#"Детский сад №219, комбинированного вида"#"Чичерина, 23а"#"61.296471872157 55.181536417227"
"Детские сады / Ясли"#"Детский сад №466, центр развития ребенка"#"Братьев Кашириных, 116а"#"61.307616917673 55.176887569871"
"Детские сады / Ясли"#"Детский сад №432, Золотой петушок, центр развития ребенка"#"Комсомольский проспект, 82Б"#"61.30787013064 55.196586540136"
"Детские сады / Ясли"#"Детский сад №213, центр развития ребенка"#"Южная (Центральный), 5а"#"61.386132215878 55.152917590029"
"Детские сады / Ясли"#"Детский сад №275, художественно-эстетического направления развития"#"Черкасская, 10а"#"61.376646977894 55.238641743822"
"Детские сады / Ясли"#"Детский сад №57"#"Ленина, 17а"#"61.620109328757 55.10412932586"
"Детские сады / Ясли"#"Детский сад №50, центр развития ребенка"#"Заводская, 9"#"61.600784447067 55.116160226799"
"Детские сады / Ясли"#"Детский сад №53, центр развития ребенка"#"Победы проспект, 19в"#"61.605940744182 55.115625203046"
"Детские сады / Ясли"#"Детский сад №37, комбинированного вида, г. Копейск"#"Чкалова, 16"#"61.671395338903 55.13218243644"
"Детские сады / Ясли"#"Детский сад №12"#"Лермонтова (Новосинеглазово), 19"#"61.374788860221 55.036674578363"
"Детские сады / Ясли"#"Детский сад №296, центр развития ребенка"#"Гагарина (Ленинский), 34Б"#"61.43136423056 55.129648846756"
"Детские сады / Ясли"#"Детский сад №9, комбинированного вида для детей с тяжелыми нарушениями речи"#"250 лет Челябинску, 14а"#"61.302033685703 55.181239611471"
"Детские сады / Ясли"#"Детский сад №282, центр развития ребенка"#"Кирова, 5Б"#"61.400948562969 55.180857252706"
"Детские сады / Ясли"#"Детский сад №27, центр развития ребенка"#"Томилова, 13а"#"61.609952640166 55.121578858927"
"Детские сады / Ясли"#"Детский сад №243"#"Корабельная, 4а"#"61.360929139429 55.106000939522"
"Детские сады / Ясли"#"Детский сад №427, художественно-эстетического направления развития"#"Молодогвардейцев, 8а"#"61.326235679988 55.199715753478"
"Детские сады / Ясли"#"Детский сад №74"#"Воровского, 51а"#"61.385429607188 55.146842906453"
"Детские сады / Ясли"#"Детский сад №259, интеллектуального направления развития"#"Южная (Центральный), 5"#"61.386068740248 55.15366944674"
"Детские сады / Ясли"#"Детский сад №31, центр развития ребенка"#"Мелькомбинат 2 1-й участок, 40"#"61.347019592501 55.168865607395"
"Детские сады / Ясли"#"Детский сад №444, общеразвивающего вида"#"Братьев Кашириных, 101Б"#"61.344265286953 55.176921074433"
"Детские сады / Ясли"#"Детский сад №59"#"Пушкина, 62"#"61.409142275098 55.158784638061"
"Детские сады / Ясли"#"Детский сад №402, центр развития ребенка"#"Гагарина (Ленинский), 21а"#"61.442852017653 55.136804695018"
"Детские сады / Ясли"#"Детский сад №62"#"40 лет Победы, 15а"#"61.297556477415 55.189955494596"
"Детские сады / Ясли"#"Детский сад №21, Светлячок, комбинированного вида, г. Копейск"#"Гольца, 9г"#"61.60553032957 55.114684742132"
"Детские сады / Ясли"#"Детский сад №45, центр развития ребенка"#"Победы проспект, 9а"#"61.614469288848 55.115481044761"
"Детские сады / Ясли"#"Детский сад №35, Тополёк, г. Копейск"#"Победы проспект, 24"#"61.608736757684 55.118043524491"
"Детские сады / Ясли"#"Детский сад №16, пос. Старокамышинск"#"Никитина (Старокамышинск), 6"#"61.533058756494 55.051870110167"
"Детские сады / Ясли"#"Дошкольное отделение, Средняя общеобразовательная школа №106"#"Крылова, 17а"#"61.438376718539 55.172469191736"
"Детские сады / Ясли"#"Детский сад №433, комбинированного вида"#"Дегтярёва, 5а"#"61.398365108269 55.272787158641"
"Детские сады / Ясли"#"Детский сад №364, центр развития ребенка"#"Ворошилова, 11а"#"61.324916951339 55.197705977827"
"Детские сады / Ясли"#"Детский сад №19"#"Скульптора Головницкого, 6"#"61.287322350629 55.20785169377"
"Детские сады / Ясли"#"Детский сад №469"#"40 лет Победы, 41а"#"61.309351550095 55.18070000993"
"Детские сады / Ясли"#"Детский сад №447"#"Калинина, 2а"#"61.405489132555 55.181904680314"
"Детские сады / Ясли"#"Детский сад №428"#"Шуменская, 12"#"61.46166150946 55.175435166188"
"Детские сады / Ясли"#"Детский сад №475, центр развития ребенка"#"Салютная, 17а"#"61.449687672852 55.169624894713"
"Детские сады / Ясли"#"Детский сад №276, комбинированного вида"#"60 лет Октября, 48а"#"61.381348943696 55.262195964087"
"Детские сады / Ясли"#"Детский сад №1, г. Копейск"#"Борьбы, 18"#"61.625334027769 55.113613988131"
"Детские сады / Ясли"#"Детский сад №245, комбинированного вида"#"Пирогова, 9"#"61.512996472211 55.125043501818"
"Детские сады / Ясли"#"Детский сад №4, г. Копейск"#"Ленина, 25"#"61.621189989741 55.106105152283"
"Детские сады / Ясли"#"Детский сад №344"#"Куйбышева, 63"#"61.338124192574 55.197027111443"
"Детские сады / Ясли"#"Детский сад №382, центр развития ребенка"#"Котина, 3а"#"61.455553768748 55.177501030813"
"Детские сады / Ясли"#"Детский сад №351, центр развития ребенка"#"Артиллерийская, 61а"#"61.43022450282 55.179589669742"
"Детские сады / Ясли"#"Детский сад №360"#"Комсомольский проспект, 36Б"#"61.341701367977 55.196563701152"
"Детские сады / Ясли"#"Детский сад №471, комбинированного вида"#"Гагарина (Ленинский), 29а"#"61.439141418806 55.13259110887"
"Детские сады / Ясли"#"Детский сад №472, комбинированного вида"#"Чичерина, 5а"#"61.285925155868 55.189310742565"
"Детские сады / Ясли"#"Детский сад №379, Лесная полянка"#"Солнечная, 22в"#"61.313598417041 55.200677287497"
"Детские сады / Ясли"#"Детский сад №261, центр развития ребенка"#"Тухачевского, 10"#"61.430784760554 55.147292375947"
"Детские сады / Ясли"#"Детский сад №68, комбинированного вида"#"Толбухина, 10а"#"61.346381546047 55.117098960032"
"Детские сады / Ясли"#"Детский сад №44, г. Копейск"#"Борьбы, 25а"#"61.623311759929 55.114043835939"
"Детские сады / Ясли"#"Детский сад №39, Золотой петушок, комбинированного вида"#"Макаренко, 13а"#"61.594535436685 55.11275669166"
"Детские сады / Ясли"#"Детский сад №110, интеллектуального направления развития"#"Тимирязева, 33"#"61.405443608341 55.157430042833"
"Детские сады / Ясли"#"Детский сад №367, комбинированного вида"#"Эльтонская 2-я, 22Б"#"61.530974308984 55.168746038856"
"Детские сады / Ясли"#"Дошкольное отделение, Средняя общеобразовательная школа №15"#"Елькина, 80Б"#"61.397047932469 55.154424506059"
"Детские сады / Ясли"#"Детский сад №27"#"Вагнера, 91"#"61.423569931061 55.132001679569"
"Детские сады / Ясли"#"Детский сад №28, г. Копейск"#"Гастелло, 2а"#"61.608536762849 55.106972192537"
"Детские сады / Ясли"#"Детский сад №479, комбинированного вида"#"Салавата Юлаева, 1Б"#"61.278753028824 55.187866918839"
"Детские сады / Ясли"#"Детский сад №421, центр развития ребенка"#"Руставели, 4а"#"61.446213940845 55.139238521747"
"Детские сады / Ясли"#"Детский сад №395, комбинированного вида"#"Ворошилова, 53а"#"61.32394434218 55.181414508819"
"Детские сады / Ясли"#"Детский сад №383"#"Комсомольский проспект, 81в"#"61.311385696497 55.192472354037"
"Детские сады / Ясли"#"Детский сад №15, комбинированного вида для детей с тяжелыми нарушениями речи"#"Шаумяна, 73а"#"61.391894581238 55.140900623081"
"Детские сады / Ясли"#"Обыкновенное чудо, детский сад"#"Могильникова, 132"#"61.417524298313 55.165007362932"
"Детские сады / Ясли"#"Детский сад №3"#"50 лет ВЛКСМ, 13Б"#"61.38760005261 55.242823141334"
"Детские сады / Ясли"#"Детский сад №23, пос. Старокамышинск"#"Крымская (Старокамышинск), 5"#"61.528303377694 55.057579235782"
"Детские сады / Ясли"#"Детский сад №11, г. Копейск"#"Маяковского, 21"#"61.600232491506 55.109218061504"
"Детские сады / Ясли"#"Детский сад №17, г. Копейск"#"Ленина, 69а"#"61.620980763597 55.115954090086"
"Детские сады / Ясли"#"Детский сад №260, комбинированного вида"#"Елькина, 94а"#"61.396956909005 55.14871983157"
"Детские сады / Ясли"#"Детский сад №398, центр развития ребенка"#"Молодогвардейцев, 28"#"61.330979404768 55.197076845384"
"Детские сады / Ясли"#"Детский сад №263, комбинированного вида"#"Кирова, 5а"#"61.400908963031 55.181347983384"
"Детские сады / Ясли"#"Детский сад №463, центр развития ребенка"#"Пограничная, 19а"#"61.432660049105 55.142643613197"
"Детские сады / Ясли"#"Детский сад №404, художественно-эстетического направления развития"#"Каслинская, 19г"#"61.39743122047 55.188047239572"
"Детские сады / Ясли"#"Детский сад комбинированного вида №177"#"Лесопарковая, 3"#"61.365138205924 55.157631098421"
"Детские сады / Ясли"#"Детский сад №356, Солнышко, физкультурно-оздоровительного направления развития"#"Ворошилова, 33а"#"61.324240057891 55.192170757785"
"Детские сады / Ясли"#"Детский сад №394, Дюймовочка, художественно-эстетического направления развития"#"Комсомольский проспект, 68"#"61.324096449563 55.19566533592"
"Детские сады / Ясли"#"Детский сад №110, комбинированного вида"#"Верхнеуральская, 20а"#"61.376373759093 55.144529212303"
"Детские сады / Ясли"#"Детский сад №147, комбинированного вида"#"Могильникова, 212"#"61.419716059806 55.155459835286"
"Детские сады / Ясли"#"Детский сад №315, центр развития ребенка"#"Василевского, 77а"#"61.483196669332 55.101026652437"
"Детские сады / Ясли"#"Детский сад №342, комбинированного вида"#"Куйбышева, 31а"#"61.349481584787 55.196914605078"
"Детские сады / Ясли"#"Детский сад №390, Рябинушка, комбинированного вида"#"Пионерская (Курчатовский), 6а"#"61.344356797713 55.192595877066"
"Детские сады / Ясли"#"Детский сад №6, Солнышко, пос. Железнодорожный"#"Электровозная (Железнодорожный), 32"#"61.550557639928 55.098364422043"
"Детские сады / Ясли"#"Детский сад №31, Аленушка"#"Голубцова (Бажово), 11"#"61.603423300486 55.060330894237"
"Детские сады / Ясли"#"Детский сад №12, г. Копейск"#"Ленина, 78"#"61.622744342561 55.122496705395"
"Детские сады / Ясли"#"Детский сад №321, художественно-эстетического направления развития"#"Салютная, 15а"#"61.450600761265 55.17030700081"
"Детские сады / Ясли"#"Детский сад №256, интеллектуального направления развития"#"Трудовая, 5а"#"61.400370581899 55.266669415691"
"Детские сады / Ясли"#"Детский сад-ясли №93 присмотра и оздоровления"#"Образцова, 7"#"61.375933859145 55.145514088225"
"Детские сады / Ясли"#"Детский сад №352, комбинированного вида"#"Литовская, 8а"#"61.44366572396 55.131675490172"
"Детские сады / Ясли"#"Детский сад №106"#"3 Интернационала, 90а"#"61.420431713259 55.167364115264"
"Детские сады / Ясли"#"Детский сад №113, художественно-эстетического направления развития"#"Плеханова, 36а"#"61.408956700324 55.15568683799"
"Детские сады / Ясли"#"Детский сад №387, комбинированного вида"#"Батумская, 11"#"61.468480428701 55.119093061434"
"Детские сады / Ясли"#"Детский сад №414"#"Энергетиков (Ленинский), 1а"#"61.473190087125 55.125056857341"
"Детские сады / Ясли"#"Детский сад №336"#"Лермонтова пер, 2"#"61.452558371855 55.184365842144"
"Детские сады / Ясли"#"Детский сад №37"#"Белостоцкого, 7Б"#"61.44593949319 55.163265467457"
"Детские сады / Ясли"#"Детский сад №7, компенсирующего вида"#"Сони Кривой, 33а"#"61.391633497525 55.157176962622"
"Детские сады / Ясли"#"Детский сад №453, Дельфиненок, центр развития ребенка"#"Ереванская, 12"#"61.462643147533 55.114237042584"
"Детские сады / Ясли"#"Детский сад №400, компенсирующего вида"#"Агалакова, 31"#"61.441678545309 55.134904324036"
"Детские сады / Ясли"#"Детский сад №448, компенсирующего вида"#"Агалакова, 50а"#"61.447027118635 55.131876922368"
"Детские сады / Ясли"#"Детский сад №77, комбинированного вида"#"Марины Расковой, 44"#"61.368657244461 55.190108119382"
"Детские сады / Ясли"#"Детский сад №368, Росинка, комбинированного вида"#"Суркова, 22"#"61.459709420255 55.117184656089"
"Детские сады / Ясли"#"Детский сад №283, комбинированного вида для детей с тяжелыми нарушениями речи"#"Дзержинского, 7"#"61.468301665467 55.1208978048"
"Детские сады / Ясли"#"Детский сад №369, центр развития ребенка"#"Танкистов, 152Б"#"61.465978411653 55.166708462192"
"Детские сады / Ясли"#"Детский сад №320, комбинированного вида"#"Гагарина (Ленинский), 50Б"#"61.431436376762 55.123660310906"
"Детские сады / Ясли"#"Детский сад №10, комбинированного вида"#"Российская, 12а"#"61.408145426089 55.195512877988"
"Детские сады / Ясли"#"Детский сад №345, комбинированного вида"#"Витебская, 2а"#"61.374718025863 55.154376987603"
"Детские сады / Ясли"#"Детский сад №18, г. Копейск"#"Новосибирская, 23"#"61.653050211234 55.10376861873"
"Детские сады / Ясли"#"Детский сад №34, Золотой ключик, пос. Бажово"#"21 Партсъезда (Бажово), 3"#"61.598651040762 55.04842579974"
"Детские сады / Ясли"#"Детский сад №138, компенсирующего вида для детей с нарушениями зрения"#"Коммуны, 84а"#"61.385170124936 55.162897717416"
"Детские сады / Ясли"#"Детский сад №183"#"Электростальская, 21а"#"61.39478194909 55.25158067982"
"Детские сады / Ясли"#"Детский сад №300, комбинированного вида"#"Мамина, 19а"#"61.482892866223 55.192594606089"
"Детские сады / Ясли"#"Детский сад №52, Олимпиец, центр развития ребенка"#"Славы проспект, 21Б"#"61.61333968363 55.105780911685"
"Детские сады / Ясли"#"Детский сад №153, комбинированного вида для детей с задержкой психического развития"#"Крылова, 1а"#"61.435409455057 55.170529929079"
"Детские сады / Ясли"#"Детский сад №210"#"Барбюса, 65"#"61.427672351339 55.129753166987"
"Детские сады / Ясли"#"Детский сад №127, центр развития ребенка"#"Гончаренко, 88"#"61.423215025467 55.125881316934"
"Детские сады / Ясли"#"Детский сад №238, комбинированного вида"#"Барбюса, 67"#"61.427188884349 55.128948390346"
"Детские сады / Ясли"#"Детский сад №445, художественно-эстетического направления развития"#"Чоппа, 6а"#"61.484192627067 55.179928049676"
"Детские сады / Ясли"#"Детский сад №188, компенсирующего вида"#"Героев Танкограда, 25а"#"61.446572491068 55.183308956565"
"Детские сады / Ясли"#"Детский сад-ясли №104"#"Пожарского, 4"#"61.399461922128 55.251353946147"
"Детские сады / Ясли"#"Детский сад №464, центр развития ребенка"#"Часовая, 4"#"61.400874623727 55.247572847221"
"Детские сады / Ясли"#"Детский сад №221, комбинированного вида"#"Арзамасская 3-я, 17а"#"61.4554220583 55.184564027057"
"Детские сады / Ясли"#"Детский сад №240"#"Бажова, 24а"#"61.459465995853 55.187546114584"
"Детские сады / Ясли"#"Детский сад №216"#"Гагарина (Ленинский), 23а"#"61.440563309234 55.135584833212"
"Детские сады / Ясли"#"Детский сад присмотра и оздоровления №363 г. Челябинска"#"Правдухина, 15а"#"61.437279698021 55.174150467364"
"Детские сады / Ясли"#"Детский сад №44, комбинированного вида"#"ОПМС, 8"#"61.549034472019 55.163470687536"
"Детские сады / Ясли"#"Детский сад №78"#"Савина, 11"#"61.437297801453 55.165184492857"
"Детские сады / Ясли"#"Детский сад №155, центр развития ребенка"#"Молодёжная, 4"#"61.405751971405 55.243913526107"
"Детские сады / Ясли"#"Детский сад №239, комбинированного вида"#"Гагарина (Ленинский), 60Б"#"61.431170037207 55.118489316598"
"Детские сады / Ясли"#"Детский сад №333, художественно-эстетического направления развития"#"Горького, 55а"#"61.435049649899 55.178412587074"
"Детские сады / Ясли"#"Детский сад №270, комбинированного вида"#"Курчатова, 10а"#"61.394839766888 55.149763607696"
"Детские сады / Ясли"#"Детский сад №80, интеллектуального направления развития"#"Электростальская, 8"#"61.395536070133 55.252618943455"
"Детские сады / Ясли"#"Детский сад №347"#"Барбюса, 41а"#"61.433508560829 55.138709308283"
"Детские сады / Ясли"#"Детский сад №410, Дружная семейка"#"Комсомольский проспект, 91Б"#"61.307678911033 55.192752247409"
"Детские сады / Ясли"#"Детский сад №456, центр развития ребенка"#"Бажова, 48а"#"61.449418777945 55.182848471128"
"Детские сады / Ясли"#"Детский сад №450, комбинированного вида"#"Псковская, 3"#"61.514153546031 55.122989947523"
"Детские сады / Ясли"#"Детский сад №7, Петушок, пос. Петровский"#"Пионерская, 6"#"61.609569847205 55.231176728942"
"Детские сады / Ясли"#"Детский сад №65, пос. Бажово"#"Луначарского (Бажово), 29"#"61.604856511867 55.058159560611"
"Детские сады / Ясли"#"Детский сад №267"#"Гончаренко, 69а"#"61.431799435071 55.124402661894"
"Детские сады / Ясли"#"Детский сад №86 для тубинфицированных детей"#"Богдана Хмельницкого, 15в"#"61.394187967693 55.256433343662"
"Детские сады / Ясли"#"Детский сад №161"#"Шенкурская, 3а"#"61.399765649838 55.189629976709"
"Детские сады / Ясли"#"Детский сад №76"#"Котина, 50"#"61.440150219811 55.176567407197"
"Детские сады / Ясли"#"Детский сад №97, компенсирующего вида"#"Грибоедова, 36"#"61.43676520837 55.170920621005"
"Детские сады / Ясли"#"Детский сад №90, художественно-эстетического направления развития"#"Культуры, 85а"#"61.443060186141 55.179447626494"
"Детские сады / Ясли"#"Детский сад №46, компенсирующего вида для детей с тяжелыми нарушениями речи"#"Марченко, 19"#"61.461298302503 55.167992413724"
"Детские сады / Ясли"#"Детский сад №120, комбинированного вида"#"1 Пятилетки, 5"#"61.462910434818 55.164201058269"
"Детские сады / Ясли"#"Детский сад №271, Ручеек, интеллектуального направления развития"#"Пети Калмыкова, 27а"#"61.37536121335 55.238401880386"
"Детские сады / Ясли"#"Детский сад №255, художественно-эстетического направления развития"#"Пети Калмыкова, 9а"#"61.368441726763 55.241614180187"
"Детские сады / Ясли"#"Детский сад №51, Кораблик"#"Лихачёва, 6а"#"61.60899213831 55.123686713562"
"Детские сады / Ясли"#"Детский сад №19, г. Копейск"#"Белинского, 18"#"61.693159987901 55.162909808097"
"Детские сады / Ясли"#"Детский сад №22, интеллектуального и художественно-эстетического направления"#"Дегтярёва, 42"#"61.395428330321 55.266253776818"
"Детские сады / Ясли"#"Детский сад №314, комбинированного вида"#"Кулибина, 11"#"61.469097226567 55.173737048654"
"Детские сады / Ясли"#"Детский сад №28, интеллектуального направления развития"#"Российская, 28а"#"61.41275372127 55.186305273468"
"Детские сады / Ясли"#"Средняя общеобразовательная школа №13 с дошкольным отделением, г. Копейск"#"Чернышевского, 45/2"#"61.676288395888 55.128525007941"
"Детские сады / Ясли"#"Детский сад №403, комбинированного вида"#"Гидрострой, 1а"#"61.300497882201 55.151375226762"
"Детские сады / Ясли"#"Детский сад №312"#"Кулибина, 11а"#"61.468720467238 55.173240881502"
"Детские сады / Ясли"#"Детский сад №288"#"Гончаренко, 75а"#"61.427972589127 55.124232240412"
"Детские сады / Ясли"#"Детский сад №97, компенсирующего вида для детей с тяжелыми нарушениями речи"#"Свободы, 85а"#"61.412184469064 55.166485725437"
"Детские сады / Ясли"#"Детский сад №406, художественно-эстетического направления развития"#"Дзержинского, 5а/1"#"61.469735716444 55.120183497098"
"Детские сады / Ясли"#"Детский сад №203"#"Люблинская, 43"#"61.487566763583 55.099857475145"
"Детские сады / Ясли"#"Детский сад №24, Зоренька, п.г.т. Вахрушево"#"Железняка (Вахрушево), 2"#"61.721359568065 55.225026681232"
"Детские сады / Ясли"#"Детский сад №40, г. Копейск"#"Крымская (Старокамышинск), 15"#"61.523999149806 55.059574594074"
"Детские сады / Ясли"#"Детский сад №43, Полянка"#"Комсомольская (Старокамышинск), 42а"#"61.517706807922 55.059277704226"
"Детские сады / Ясли"#"Детский сад №15, г. Копейск"#"Меховова, 35"#"61.642767347273 55.129239481133"
"Детские сады / Ясли"#"Детский сад №189"#"Лермонтова пер, 8"#"61.455556801635 55.180646523013"
"Детские сады / Ясли"#"Детский сад №331"#"Аэропорт пос, 16а"#"61.515388389643 55.287107982666"
"Детские сады / Ясли"#"Детский сад №392, компенсирующего вида"#"Сосновая Роща, 77"#"61.357458201004 55.296564666213"
"Детские сады / Ясли"#"Детский сад №111, интеллектуального направления развития"#"Электростальская, 4"#"61.40020386109 55.252675834337"
"Детские сады / Ясли"#"Детский сад №63 присмотра и оздоровления"#"Ленина, 53а"#"61.620544512147 55.112581870028"
"Детские сады / Ясли"#"Дошкольное отделение, Средняя общеобразовательная школа №14"#"Социалистическая, 46"#"61.388384711974 55.253110958583"
"Детские сады / Ясли"#"Детский сад №384"#"Молодогвардейцев, 68Б"#"61.329719896991 55.180141634156"
"Детские сады / Ясли"#"Детский сад №319, комбинированного вида"#"Российская, 57а"#"61.417810128593 55.176386947836"
"Детские сады / Ясли"#"Дошкольное отделение, Средняя общеобразовательная школа №24"#"Дегтярёва, 86"#"61.396833473195 55.248601599924"
"Детские сады / Ясли"#"Детский сад №313, интеллектуального направления развития"#"Комаровского, 10а"#"61.371852742427 55.241635783666"
"Детские сады / Ясли"#"Детский сад №474, центр развития ребенка"#"Пограничная, 23а"#"61.428710490894 55.143541037744"
"Детские сады / Ясли"#"Детский сад №124, художественно-эстетического направления развития"#"Энергетиков (Ленинский), 6а"#"61.47309579905 55.127404277885"
"Детские сады / Ясли"#"Детский сад №311, центр развития ребенка"#"Новая, 3"#"61.367086165744 55.035280910152"
"Детские сады / Ясли"#"Детский сад №467, Сказка, центр развития ребенка"#"Громова, 9а"#"61.383527375932 55.039389632052"
"Детские сады / Ясли"#"Детский сад №179, интеллектуального направления развития"#"Дегтярёва, 83а"#"61.397963738185 55.246845996156"
"Детские сады / Ясли"#"Детский сад №73, комбинированного вида"#"Свободы, 94а"#"61.413355315338 55.151161963926"
"Детские сады / Ясли"#"Детский сад №237, комбинированного вида"#"60 лет Октября, 28а"#"61.387597438014 55.266144772309"
"Детские сады / Ясли"#"Детский сад №194 для детей с аллергопатологией"#"Ленина проспект, 77"#"61.376462966637 55.159271383863"
"Детские сады / Ясли"#"Детский сад №4"#"Плеханова, 16"#"61.415050847608 55.156056464387"
"Детские сады / Ясли"#"Детский сад №3, пос. Заозерный"#"Проектная, 2"#"61.549331687972 55.009220878502"
"Детские сады / Ясли"#"Детский сад №20, пос. Северный Рудник"#"Колющенко (Северный Рудник), 3"#"61.704359159682 55.187208765304"
"Детские сады / Ясли"#"Детский сад №348, центр развития ребенка"#"50 лет ВЛКСМ, 21а"#"61.384551334755 55.240082957683"
"Детские сады / Ясли"#"Детский сад №91, эстетико-художественного направления развития"#"Грибоедова, 53а"#"61.438571865725 55.165167665746"
"Детские сады / Ясли"#"Детский сад №61"#"Кожевникова, 17"#"61.608826525184 55.118727034477"
"Детские сады / Ясли"#"Детский сад №262, комбинированного вида"#"Шуменская, 45"#"61.461525149953 55.172583162088"
"Детские сады / Ясли"#"Детский сад №10"#"Челябинский Рабочий, 1а"#"61.438406908053 55.147102744279"
"Детские сады / Ясли"#"Детский сад №33, художественно-эстетического направления развития"#"Вострецова, 54"#"61.369359500765 55.190641300003"
"Детские сады / Ясли"#"Детский сад №434"#"Гагарина (Ленинский), 38Б"#"61.431315849554 55.128686628466"
"Детские сады / Ясли"#"Детский сад №198"#"Электростальская, 22"#"61.383111135273 55.252436540775"
"Детские сады / Ясли"#"Детский сад №335, художественно-эстетического направления развития"#"Российская, 198а"#"61.41497449414 55.162231710053"
"Детские сады / Ясли"#"Детский сад №70"#"Коммуны, 47а"#"61.409848528208 55.162386601976"
"Детские сады / Ясли"#"Детский сад №281, комбинированного вида"#"Артиллерийская, 116а"#"61.43150155009 55.171665208549"
"Детские сады / Ясли"#"Детский сад №133, физического направления развития"#"Мебельная, 84"#"61.369618263996 55.124594368555"
"Детские сады / Ясли"#"Детский сад №207, художественно-эстетического направления развития"#"Электростальская, 24"#"61.382389664406 55.252510067818"
"Детские сады / Ясли"#"Детский сад №32"#"Зальцмана, 12"#"61.530214860824 55.170468321816"
"Детские сады / Ясли"#"Детский сад №151"#"Энгельса, 51"#"61.381571336077 55.16265704332"
"Детские сады / Ясли"#"Детский сад №230, комбинированного вида"#"Геологов, 24а"#"61.380226509594 55.044631077905"
"Детские сады / Ясли"#"Детский сад №29, компенсирующего вида"#"Василевского, 72"#"61.480680891938 55.099370558879"
"Детские сады / Ясли"#"Детский сад №436, комбинированного вида"#"Южный бульвар, 4"#"61.449355413147 55.135603670563"
"Детские сады / Ясли"#"Детский сад №180, художественно-эстетического направления развития"#"Тарасова, 47"#"61.377256800301 55.140629931468"
"Детские сады / Ясли"#"Детский сад №332"#"Барбюса, 144г"#"61.422651837929 55.128054867338"
"Детские сады / Ясли"#"Детский сад №66, компенсирующего вида для детей с тяжелыми нарушениями речи"#"Ловина, 24"#"61.445801128141 55.16253053888"
"Детские сады / Ясли"#"Детский сад №20, компенсирующего вида"#"Советская (Центральный), 38"#"61.406238278494 55.161451113192"
"Детские сады / Ясли"#"Детский сад №55, Полянка"#"Кирова, 40"#"61.605522936979 55.092962314421"
"Детские сады / Ясли"#"Детский сад №33, Солнышко, г. Копейск"#"Тульская (Козырево), 9"#"61.733484411774 55.205677119843"
"Детские сады / Ясли"#"Детский сад №411, комбинированного вида"#"Ключевая (Советский), 8а"#"61.379578119206 55.041783806966"
"Детские сады / Ясли"#"Детский сад №416, комбинированного вида"#"Культуры, 59а"#"61.440178709186 55.18491370608"
"Детские сады / Ясли"#"Детский сад №55"#"Воровского, 75"#"61.376049482356 55.141166665986"
"Детские сады / Ясли"#"Детский сад №211, комбинированного вида"#"3 Интернационала, 113в"#"61.423384101884 55.163255387013"
"Детские сады / Ясли"#"Детский сад №304, комбинированного вида"#"Российская, 220а"#"61.416077710644 55.156764132424"
"Детские сады / Ясли"#"Детский сад №95, художественно-эстетического направления развития"#"Чарчана, 10а"#"61.349823780289 55.112977753549"
"Детские сады / Ясли"#"Детский сад №102"#"Техникумовская, 36а"#"61.389281715361 55.141641548389"
"Детские сады / Ясли"#"Детский сад №374, комбинированного вида"#"Огневая, 26а"#"61.333307842063 55.083291561768"
"Детские сады / Ясли"#"Детский сад №371, комбинированного вида"#"Некрасовская, 17"#"61.341453934328 55.11250265732"
"Детские сады / Ясли"#"Детский сад №430, Родные березки, интеллектуального направления развития"#"Богдана Хмельницкого, 32"#"61.374083490545 55.258745605305"
"Детские сады / Ясли"#"Детский сад №451"#"Мамина, 23а"#"61.484741194687 55.189756591553"
"Детские сады / Ясли"#"Начальная общеобразовательная школа №82 с дошкольным отделением"#"Жукова, 46Б"#"61.393944624477 55.245459469709"
"Детские сады / Ясли"#"Детский сад №118, художественно-эстетического направления развития"#"Белорецкая, 32"#"61.376048369087 55.119659138784"
"Детские сады / Ясли"#"Детский сад №8"#"Локомотивная, 28"#"61.401210981775 55.119467835651"
"Детские сады / Ясли"#"Детский сад №429, художественно-эстетического направления развития"#"Туруханская, 40а"#"61.483961760713 55.100023496353"
"Детские сады / Ясли"#"Детский сад №244, интеллектуального направления развития"#"Металлургов шоссе, 27а"#"61.38751580296 55.2472125578"
"Детские сады / Ясли"#"Детский сад №397, Солнышко"#"50 лет ВЛКСМ, 9Б"#"61.38895532955 55.243517859317"
"Детские сады / Ясли"#"Детский сад №192, комбинированного вида"#"Трудовая, 27Б"#"61.39127146339 55.265834629736"
"Детские сады / Ясли"#"Детский сад №40, пос. Есаульский"#"Бердюгина, 4"#"61.2174371768 55.301892659906"
"Детские сады / Ясли"#"Детский сад №208"#"60 лет Октября, 30а"#"61.387372564307 55.265615506448"
"Детские сады / Ясли"#"Детский сад №386"#"60 лет Октября, 16Б"#"61.393851610169 55.265868719251"
"Детские сады / Ясли"#"Детский сад №121"#"Байкальская, 46а"#"61.370366887124 55.249236216046"
"Детские сады / Ясли"#"Детский сад №328, комбинированного вида"#"Краснооктябрьская, 24"#"61.384004190453 55.250972834509"
"Детские сады / Ясли"#"Детский сад №388, комбинированного вида"#"Уральская, 4"#"61.512721473201 55.124172009537"
"Детские сады / Ясли"#"Детский сад №305"#"Сталеваров, 18"#"61.40130542524 55.266156043557"
"Детские сады / Ясли"#"Детский сад №354"#"Пети Калмыкова, 12Б"#"61.370613179306 55.237743757677"
"Детские сады / Ясли"#"Детский сад №340, художественно-эстетического направления развития"#"Электростальская, 41"#"61.383972154451 55.251822361619"
"Детские сады / Ясли"#"Детский сад №89, комбинированного вида для детей с особыми образовательными потребностями"#"Троицкий тракт, 40"#"61.387482011862 55.115280970782"
"школы"#"Эстет-центр, частная общеобразовательная школа"#"Ленина проспект, 24"#"61.436452149545 55.16145308081"
"школы"#"Эстет-центр, частная общеобразовательная школа"#"Павелецкая, 8"#"61.394625557713 55.26901228629"
"школы"#"Средняя общеобразовательная школа №99"#"Пограничная, 21"#"61.431248312147 55.143353233957"
"школы"#"Средняя общеобразовательная школа №104"#"Братьев Кашириных, 103б"#"61.342117445668 55.176207748513"
"школы"#"Средняя общеобразовательная школа №15"#"Ширшова, 9"#"61.406240781905 55.140076661589"
"школы"#"Средняя общеобразовательная школа №147"#"Свердловский проспект, 84а"#"61.387542143218 55.154597082423"
"школы"#"Средняя общеобразовательная школа №54"#"Двинская, 7"#"61.349085831583 55.180833284918"
"школы"#"Средняя общеобразовательная школа №123 с дошкольным отделением"#"Молодогвардейцев, 56Б"#"61.328681158346 55.186219158618"
"школы"#"Средняя общеобразовательная школа №148"#"Академика Макеева, 5а"#"61.299753672996 55.165858403642"
"школы"#"Средняя общеобразовательная школа №30"#"Володарского, 20"#"61.385183961409 55.163644868206"
"школы"#"Средняя общеобразовательная школа №137"#"Свердловский проспект, 24"#"61.385381155029 55.185703820473"
"школы"#"Средняя общеобразовательная школа №67"#"Сони Кривой, 40"#"61.383976209262 55.158362511883"
"школы"#"Средняя общеобразовательная школа №94"#"Металлургов шоссе, 53"#"61.368737256832 55.244130844602"
"школы"#"Средняя общеобразовательная школа №121"#"Свободы, 82"#"61.412973387121 55.156146673758"
"школы"#"Средняя общеобразовательная школа №75"#"Пограничная, 1"#"61.446442216586 55.140068426624"
"школы"#"Средняя общеобразовательная школа №28 им. Молодова С.Г."#"Героя России Молодова, 15"#"61.306131429203 55.237444197597"
"школы"#"Средняя общеобразовательная школа №130"#"Барбюса, 79Б"#"61.429051659272 55.123098131034"
"школы"#"Средняя общеобразовательная школа №25"#"Университетская Набережная, 30а"#"61.348118207272 55.176171501436"
"школы"#"Средняя общеобразовательная школа №129"#"Салавата Юлаева, 25а"#"61.297149834331 55.173587301319"
"школы"#"Средняя общеобразовательная школа №12"#"Солнечная, 50а"#"61.314961864257 55.191845755078"
"школы"#"Средняя общеобразовательная школа №152"#"Чичерина, 3"#"61.285024781162 55.189989930945"
"школы"#"Средняя общеобразовательная школа №53"#"Овчинникова, 4"#"61.411663716798 55.142955574554"
"школы"#"Средняя общеобразовательная школа №4"#"40 лет Победы, 17"#"61.297452629423 55.18871094268"
"школы"#"Средняя общеобразовательная школа №108"#"Уральская, 2"#"61.513663033507 55.123934694633"
"школы"#"Средняя общеобразовательная школа №45"#"Красного Урала, 16"#"61.353918455791 55.19148782283"
"школы"#"Средняя общеобразовательная школа №68 им. Е.Н. Родионова"#"Вагнера, 70а"#"61.42736845798 55.138091484069"
"школы"#"Средняя общеобразовательная школа №153"#"Энтузиастов, 15Б"#"61.37721228034 55.15298793641"
"школы"#"Средняя общеобразовательная школа №78"#"Молодогвардейцев, 62в"#"61.32829733756 55.183110589936"
"школы"#"Средняя общеобразовательная школа №109"#"Шенкурская, 13"#"61.394815647083 55.190468393946"
"школы"#"Средняя общеобразовательная школа №112"#"Героев Танкограда, 104"#"61.448874714677 55.175454147595"
"школы"#"Средняя общеобразовательная школа №21"#"Победы проспект, 113а"#"61.437586429525 55.184873388592"
"школы"#"Средняя общеобразовательная школа №145"#"Челябинская, 17"#"61.374736441185 55.040389738484"
"школы"#"Средняя общеобразовательная школа №73"#"Пекинская, 20"#"61.400585513115 55.245995048922"
"школы"#"Средняя общеобразовательная школа №3"#"Захаренко, 13"#"61.302278455927 55.197380894087"
"школы"#"Средняя общеобразовательная школа №22, Кадетская (казачья) школа"#"Солнечная, 10в"#"61.315108337524 55.203666807717"
"школы"#"7 ключей, русско-британская школа"#"Ворошилова, 12/1"#"61.319957057551 55.198837805729"
"школы"#"Средняя общеобразовательная школа №115"#"Комсомольский проспект, 55а"#"61.326891760819 55.192133736183"
"школы"#"Средняя общеобразовательная школа №58 им. И.Г. Газизулина"#"Свободы, 100а"#"61.414615449216 55.147933168776"
"школы"#"Средняя общеобразовательная школа №8"#"3 Интернационала, 61"#"61.421201048672 55.172601042003"
"школы"#"Средняя общеобразовательная школа №118 им. Героя Советского Союза Н.И. Кузнецова"#"Чайковского, 8а"#"61.359568910006 55.195716354257"
"школы"#"Средняя общеобразовательная школа №98"#"Елькина, 78"#"61.398342749872 55.155213482067"
"школы"#"Средняя общеобразовательная школа №46"#"Новороссийская, 77а"#"61.466239942366 55.111137753585"
"школы"#"Средняя общеобразовательная школа №84"#"Хохрякова, 26а"#"61.483849169017 55.175394539473"
"школы"#"Средняя общеобразовательная школа №47 им. Пустового В.П."#"Батумская, 10"#"61.467060154246 55.12004277893"
"школы"#"Средняя общеобразовательная школа №19"#"Мамина, 21"#"61.483996417488 55.190902841877"
"школы"#"Средняя общеобразовательная школа №51"#"Агалакова, 46"#"61.44417962601 55.133020829581"
"школы"#"Средняя общеобразовательная школа №39"#"Марченко, 23г"#"61.463940418497 55.166304306264"
"школы"#"Средняя общеобразовательная школа №110"#"Блюхера, 6"#"61.384376764396 55.143584422525"
"школы"#"Средняя общеобразовательная школа №113"#"Агалакова, 19"#"61.435672740589 55.135798050756"
"школы"#"Средняя общеобразовательная школа №59"#"Мамина, 9"#"61.48039147863 55.197209759603"
"школы"#"Средняя общеобразовательная школа №62"#"Кудрявцева, 79"#"61.428695877119 55.174035761673"
"школы"#"Коррекционная школа №127"#"Коммуны, 115а"#"61.385072235132 55.161491988855"
"школы"#"Средняя общеобразовательная школа №151"#"250 лет Челябинску, 15"#"61.302660639182 55.178378907822"
"школы"#"Средняя общеобразовательная школа №81"#"Кулибина, 58"#"61.4692341057 55.174569942203"
"школы"#"Средняя общеобразовательная школа №85"#"Тухачевского, 15"#"61.429982860713 55.146193190878"
"школы"#"Средняя общеобразовательная школа №52"#"Савина, 3"#"61.445506286284 55.16472020463"
"школы"#"Средняя общеобразовательная школа №18"#"Горького, 11"#"61.440853416254 55.164828307911"
"школы"#"Средняя общеобразовательная школа №128"#"Вагнера, 90"#"61.421102197606 55.129846938066"
"школы"#"Средняя общеобразовательная школа №146"#"Новороссийская, 8"#"61.492730533424 55.100855518296"
"школы"#"Средняя общеобразовательная школа №41"#"40 лет Победы, 14а"#"61.293964230395 55.187147143039"
"школы"#"Средняя общеобразовательная школа №38"#"Салютная, 16"#"61.449522115752 55.171758353918"
"школы"#"Средняя общеобразовательная школа №43"#"Короленко, 16"#"61.380589087437 55.116645001046"
"школы"#"ЦППРК, Центр психолого-педагогической реабилитации и коррекции г. Челябинска"#"Барбюса, 65а"#"61.428387059861 55.128946560633"
"школы"#"Средняя общеобразовательная школа №138"#"Сони Кривой, 54"#"61.373306141752 55.157741993423"
"школы"#"Средняя общеобразовательная школа №91"#"Жукова, 16"#"61.390269746693 55.256031494212"
"школы"#"Средняя общеобразовательная школа №42"#"Комаровского, 11Б"#"61.372339310197 55.240298631053"
"школы"#"Средняя общеобразовательная школа №74"#"Комаровского, 7Б"#"61.375704943904 55.23896925277"
"школы"#"Средняя общеобразовательная школа №13"#"Захаренко, 3а"#"61.313149687252 55.197394387726"
"школы"#"Средняя общеобразовательная школа №103"#"60 лет Октября, 5"#"61.399911726048 55.263900899279"
"школы"#"Средняя общеобразовательная школа №23, г. Копейск"#"Коммунистическая (Старокамышинск), 27"#"61.523864555049 55.056913803584"
"школы"#"Средняя общеобразовательная школа №101"#"Танкистов, 144Б"#"61.467994532965 55.170566044282"
"школы"#"Средняя общеобразовательная школа №65"#"Новороссийская, 126"#"61.433071423063 55.117063714065"
"школы"#"Средняя общеобразовательная школа №36"#"40 лет Победы, 24а"#"61.299362697631 55.182881212293"
"школы"#"Рощинская средняя общеобразовательная школа"#"Ленина, 3"#"61.267614717601 55.310356174592"
"школы"#"Средняя общеобразовательная школа №56"#"Кузнецова, 33"#"61.339986419701 55.112355535048"
"школы"#"Коррекционная школа №72"#"Комсомольский проспект, 74Б"#"61.313444265969 55.196610662248"
"школы"#"Пеликан, частная общеобразовательная школа"#"Худякова, 18"#"61.363326567354 55.148097916818"
"школы"#"Средняя общеобразовательная школа №55"#"Брестская, 17"#"61.455577722243 55.121538498334"
"школы"#"Средняя общеобразовательная школа №154"#"Салавата Юлаева, 13"#"61.28670292726 55.178060985415"
"школы"#"Англо-математическая частная начальная школа, НОУ ИнЛингва"#"Генерала Мартынова, 3"#"61.29463185007 55.21657181387"
"школы"#"Средняя общеобразовательная школа №124 с углубленным изучением отдельных учебных предметов"#"Университетская Набережная, 16а"#"61.366309233188 55.177259272989"
"школы"#"Коррекционная школа №7"#"Береговая (Калининский), 99"#"61.403720740455 55.175237629555"
"школы"#"Средняя общеобразовательная школа №61"#"Театральный пер, 16а"#"61.382432915396 55.256191927769"
"школы"#"Средняя общеобразовательная школа №155"#"Октябрьская, 3"#"61.468482058319 55.180158116117"
"школы"#"Средняя общеобразовательная школа №6, г. Копейск"#"Ленина, 62Б"#"61.622506030739 55.117305959973"
"школы"#"Средняя общеобразовательная школа №89"#"Куйбышева, 39"#"61.347023694643 55.197849177244"
"школы"#"Средняя общеобразовательная школа №17"#"Фёдорова, 12"#"61.400672620003 55.135344583488"
"школы"#"Средняя общеобразовательная школа №44 им. С.Ф. Бароненко, г. Копейск"#"Лихачёва, 4"#"61.606515232616 55.123848894577"
"школы"#"Средняя общеобразовательная школа №71"#"32 годовщины Октября, 18а"#"61.393851617802 55.238859393257"
"школы"#"Средняя общеобразовательная школа №150"#"250 лет Челябинску, 7"#"61.311975071351 55.181044554577"
"школы"#"Средняя общеобразовательная школа №14"#"Байкальская, 34"#"61.376012455576 55.248678294954"
"школы"#"Средняя общеобразовательная школа №24"#"Жукова, 47"#"61.394677395033 55.247744228121"
"школы"#"Средняя общеобразовательная школа №5"#"Калинина, 28"#"61.391198593766 55.180004864161"
"школы"#"Средняя общеобразовательная школа №87"#"Молодогвардейцев, 61а"#"61.337043951122 55.176175897742"
"школы"#"Средняя общеобразовательная школа №107"#"Ленина проспект, 7"#"61.452087755471 55.159640067692"
"школы"#"Средняя общеобразовательная школа №50"#"Российская, 49а"#"61.415580784577 55.181539210339"
"школы"#"Средняя общеобразовательная школа №48, г. Копейск"#"Славы проспект, 13а"#"61.612294313314 55.109737652432"
"школы"#"Средняя общеобразовательная школа №144"#"Чехова, 4а"#"61.374437851058 55.034726859468"
"школы"#"Средняя общеобразовательная школа №92"#"Богдана Хмельницкого, 7"#"61.400118341784 55.256448044904"
"школы"#"Средняя общеобразовательная школа №1, г. Копейск"#"Жданова, 25"#"61.605684185737 55.113555901854"
"школы"#"Улыбка, основная общеобразовательная школа"#"Гагарина (Ленинский), 16"#"61.439509374512 55.139672805228"
"школы"#"Средняя общеобразовательная школа №6"#"Кирова, 3а"#"61.403339389511 55.18188096916"
"школы"#"Средняя общеобразовательная школа №33"#"Хлебозаводская, 4"#"61.405575152894 55.248480165531"
"школы"#"Средняя общеобразовательная школа №32"#"Новороссийская, 27"#"61.485659504912 55.106759500028"
"школы"#"Средняя общеобразовательная школа №116"#"Эльтонская 2-я, 16а"#"61.532183348259 55.16732026063"
"школы"#"Перспектива, средняя общеобразовательная школа"#"Володарского, 20"#"61.385183961409 55.163644868206"
"школы"#"Средняя общеобразовательная школа №70, Филиал"#"Богдана Хмельницкого, 24"#"61.382307431204 55.258714885055"
"школы"#"Средняя общеобразовательная школа №7"#"Коммунистический проспект, 3Б"#"61.614236957511 55.103964389457"
"школы"#"Коррекционная школа №60"#"Дзержинского, 94"#"61.438414643071 55.131701664577"
"школы"#"Средняя общеобразовательная школа №86"#"Котина, 22"#"61.45467501879 55.179287326723"
"школы"#"Средняя общеобразовательная школа, Южно-Уральский государственный институт искусств им. П.И. Чайковского"#"Плеханова, 41"#"61.411291074616 55.154422225829"
"школы"#"Средняя общеобразовательная школа №140"#"26 Бакинских Комиссаров, 107а"#"61.40855548352 55.235092439439"
"школы"#"Краснопольская средняя общеобразовательная школа"#"Солнечная, 1"#"61.235983561294 55.235312313818"
"школы"#"Средняя общеобразовательная школа №32, г. Копейск"#"Электровозная (Железнодорожный), 18"#"61.55522659067 55.098569901952"
"школы"#"Средняя общеобразовательная школа №43, г. Копейск"#"Новосибирская, 21"#"61.65524825166 55.105197416839"
"школы"#"Средняя общеобразовательная школа №47, г. Копейск"#"Курская (Вахрушево), 2а"#"61.71609879856 55.22910209096"
"школы"#"Средняя общеобразовательная школа №9, г. Копейск"#"Калинина, 18"#"61.611949947787 55.100488352859"
"школы"#"Лидер, средняя общеобразовательная школа"#"40 лет Октября, 19"#"61.450919954858 55.165566259133"
"школы"#"Вечерняя школа №17"#"Горького, 47Б"#"61.437451187916 55.176056474011"
"школы"#"Средняя общеобразовательная школа №141"#"60 лет Октября, 26а"#"61.389228579936 55.265263689389"
"школы"#"Средняя общеобразовательная школа №1"#"Красноармейская, 57"#"61.413400104658 55.169094769329"
"школы"#"Средняя общеобразовательная школа №106"#"Грибоедова, 35"#"61.437990160574 55.171157559997"
"школы"#"Средняя общеобразовательная школа №105"#"Кузнецова, 7"#"61.353864962314 55.116113592954"
"школы"#"ЦПМСС, центр психолого-медико-социального сопровождения г. Челябинска"#"Молодогвардейцев, 61а"#"61.337043951122 55.176175897742"
"школы"#"Средняя общеобразовательная школа №4, г. Копейск"#"Мира (Бажово), 43"#"61.598390341038 55.05426365498"
"школы"#"Коррекционная школа №11"#"Героев Танкограда, 21"#"61.442342119031 55.188731788878"
"школы"#"Средняя общеобразовательная школа №45, г. Копейск"#"21 Партсъезда (Бажово), 1"#"61.598342292976 55.049452819878"
"школы"#"Средняя общеобразовательная школа №16, г. Копейск"#"Меховова, 10"#"61.64541537438 55.133985625889"
"школы"#"Вечерняя школа №2, г. Копейск"#"Грибоедова, 15"#"61.608573339339 55.094729302743"
"школы"#"Созвучие, частная школа"#"Двинская, 18"#"61.347975124375 55.181949311306"
"школы"#"Средняя общеобразовательная школа №21, г. Копейск"#"Победы проспект, 42"#"61.59880365725 55.118119256034"
"школы"#"Есаульская средняя общеобразовательная школа"#"Гагарина, 1"#"61.217244407373 55.300581335432"
"школы"#"Средняя общеобразовательная школа №24, г. Копейск"#"Театральная (Потанино), 14"#"61.616632813589 55.181164663114"
"школы"#"Коррекционная школа №83"#"Столбовая, 30"#"61.354263964509 55.11378697589"
"школы"#"Средняя общеобразовательная школа №131"#"Зерновая, 11"#"61.343964750156 55.083784250628"
"школы"#"Коррекционная школа №57"#"26 Бакинских Комиссаров, 63"#"61.399563335384 55.235788983509"
"школы"#"Средняя общеобразовательная школа №42, г. Копейск"#"Гольца, 18"#"61.601655015791 55.110766533918"
"школы"#"Средняя общеобразовательная школа №13 с дошкольным отделением, г. Копейск"#"Чернышевского, 47"#"61.674165955766 55.127169036346"
"школы"#"Ор Авнер, средняя общеобразовательная школа"#"Молодогвардейцев, 33а"#"61.334422917304 55.18741537438"
"школы"#"Донгузловская средняя общеобразовательная школа"#"Северная, 6"#"61.719636298013 55.027118592192"
"школы"#"Основная общеобразовательная школа №15, г. Копейск"#"Саратовская (Северный Рудник), 3Б"#"61.703556003205 55.185935585296"
"школы"#"Козыревская средняя общеобразовательная школа"#"Пионерская, 11"#"61.728305592733 55.253775650327"
"школы"#"Основная общеобразовательная школа №131, филиал в г. Челябинске"#"Космодемьянской, 1"#"61.355430465743 55.105031343532"
"школы"#"Коррекционная школа №119"#"Октябрьская, 30"#"61.465875734083 55.182368145774"
"школы"#"Средняя общеобразовательная школа, пос. Полевой"#"Центральная, 15"#"61.378538863119 55.0080311134"
"школы"#"Петровская средняя общеобразовательная школа"#"Ленина, 66"#"61.608740089664 55.230026842943"
"школы"#"Саргазинская средняя общеобразовательная школа"#"Мира, 10"#"61.239620929405 55.021588701999"
"школы"#"Средняя общеобразовательная школа №148"#"Гидрострой, 11а"#"61.300269078099 55.149540590841"
"школы"#"Средняя общеобразовательная школа №15"#"Цеховая, 8а"#"61.400205555194 55.140980312253"
"школы"#"Средняя общеобразовательная школа №130"#"Новороссийская, 136"#"61.424155623273 55.117182218841"
"университеты"#"ЮУрГУ, Южно-Уральский государственный университет"#"Ленина проспект, 76"#"61.370328603218 55.160416678436"
"университеты"#"ЧГПУ, Челябинский государственный педагогический университет"#"Бажова, 46"#"61.453450481109 55.183207144746"
"университеты"#"ЧелГУ, Челябинский государственный университет, 1 корпус"#"Братьев Кашириных, 129"#"61.319031876197 55.177546822333"
"университеты"#"УралГУФК, Уральский государственный университет физической культуры"#"Орджоникидзе, 1"#"61.418156195618 55.153761779984"
"университеты"#"ЮУГМУ, Южно-уральский Государственный Медицинский Университет"#"Воровского, 64"#"61.37364385244 55.139952487554"
"университеты"#"Синергия, Московский финансово-промышленный университет, представительство в г. Челябинске"#"Революции площадь, 7а"#"61.404666945303 55.15659280715"
"университеты"#"Финансовый университет при Правительстве РФ, Челябинский филиал"#"Работниц, 58"#"61.395695671459 55.177318313182"
"университеты"#"Университет Российской академии образования, филиал в г. Челябинске"#"Красноармейская, 55"#"61.413406152331 55.169422790151"
"университеты"#"РГТЭУ, Российский государственный торгово-экономический университет, филиал в г. Челябинске"#"Орджоникидзе, 50"#"61.404965210327 55.151900030501"
"университеты"#"МПСУ, Московский психолого-социальный университет, филиал в г. Челябинске"#"Ленина проспект, 9"#"61.449402931389 55.159609733395"
"университеты"#"ЮУрГУ, Южно-Уральский государственный университет"#"Ленина проспект, 85"#"61.368653241528 55.159006536868"
"университеты"#"ЮУрГУ, Южно-Уральский государственный университет, представительство в г. Копейске"#"Ленина, 50"#"61.622443961601 55.112767557669"
"университеты"#"ЧГПУ, Челябинский государственный педагогический университет"#"Ленина проспект, 69"#"61.387680539522 55.159377347647"
"университеты"#"ЧелГУ, Челябинский государственный университет, 4 корпус"#"Молодогвардейцев, 57а"#"61.335188969173 55.180315610344"
"университеты"#"ЮУрГУ, Южно-Уральский государственный университет"#"Ленина проспект, 87"#"61.36505057334 55.158873333877"
"университеты"#"УралГУФК, Уральский государственный университет физической культуры, Учебно-спортивный комплекс"#"Энгельса, 22"#"61.379639776736 55.164637580031"
"университеты"#"ЮУГМУ, Южно-уральский Государственный Медицинский Университет"#"Воровского, 66"#"61.372630595808 55.139931948353"
"университеты"#"ЧелГУ, Челябинский государственный университет, 2 корпус"#"Молодогвардейцев, 70б"#"61.328109677595 55.180389638357"
"университеты"#"ЮУрГУ, Южно-Уральский государственный университет"#"Рождественского, 5"#"61.445803340588 55.159699087658"
"университеты"#"ЧГПУ, Челябинский государственный педагогический университет"#"Сони Кривой, 34"#"61.387971554384 55.158200548253"
"университеты"#"УралГУФК, Уральский государственный университет физической культуры, 3 корпус"#"Труда, 168 к3"#"61.374361836152 55.172398490553"
"университеты"#"ЮУрГУ, Южно-Уральский государственный университет"#"Электростальская, 47а"#"61.382669518234 55.251455701988"
"университеты"#"ЧелГУ, Челябинский государственный университет, 3 корпус"#"Победы проспект, 162в"#"61.403127064382 55.187491783781"
"университеты"#"ЧГПУ, Челябинский государственный педагогический университет"#"Свердловский проспект, 74"#"61.388658099646 55.158629397469"
"университеты"#"УралГУФК, Уральский государственный университет физической культуры, 2 корпус"#"Российская, 258"#"61.418208129529 55.153006718201"
"университеты"#"ЮУрГУ, Южно-Уральский государственный университет"#"Коммуны, 149"#"61.366455483764 55.161665957245"
"университеты"#"ЧелГУ, Челябинский государственный университет, 6 корпус"#"Пограничная, 4"#"61.445325385318 55.141381542928"
"университеты"#"ЮУрГУ, Южно-Уральский государственный университет"#"Артиллерийская, 100"#"61.428330730216 55.178264763493"
"университеты"#"ЧелГУ, Челябинский государственный университет, 5 корпус"#"Василевского, 75"#"61.481120022406 55.100840699031"
"университеты"#"ЮУрГУ, Южно-Уральский государственный университет"#"Сони Кривой, 79а"#"61.371100945975 55.156844574515"
"университеты"#"ЧелГУ, Челябинский государственный университет"#"Гашека, 12"#"61.404466846528 55.256890612548"
"университеты"#"ЮУрГУ, Южно-Уральский государственный университет"#"Гастелло, 4/6"#"61.389635811267 55.249901036132"
"университеты"#"ЮУрГУ, Южно-Уральский государственный университет"#"Сони Кривой, 64"#"61.366006225795 55.158297023062"
"университеты"#"ЮУрГУ, Южно-Уральский государственный университет"#"Сони Кривой, 60а"#"61.367375682464 55.157937946273"
"университеты"#"ЮУрГУ, Южно-Уральский государственный университет"#"Марата, 8"#"61.387063529832 55.127068353113"
"университеты"#"ЮУрГУ, Южно-Уральский государственный университет"#"Сони Кривой, 60"#"61.368059522038 55.157595448464"
"университеты"#"ЮУрГУ, Южно-Уральский государственный университет"#"Сони Кривой, 62"#"61.366539904876 55.157767355428"
"университеты"#"ЮУрГУ, Южно-Уральский государственный университет"#"Сони Кривой, 58Б"#"61.36811991661 55.157957661645"
"больницы"#"Городская клиническая больница №1"#"Воровского, 16"#"61.392103183781 55.154635936067"
"больницы"#"Городская клиническая больница №8"#"Горького, 18"#"61.445222838861 55.16842138874"
"больницы"#"Областная клиническая больница №3"#"Победы проспект, 287"#"61.339844311872 55.187988606903"
"больницы"#"Областная клиническая больница, Административный корпус"#"Воровского, 70 к2"#"61.37350966276 55.136127019732"
"больницы"#"Городская клиническая больница №6"#"Румянцева, 28 к2"#"61.378037616819 55.253069914034"
"больницы"#"Дорожная клиническая больница, ОАО РЖД"#"Доватора, 23"#"61.386932371897 55.143043127333"
"больницы"#"Городская клиническая больница №5"#"Российская, 20"#"61.411235748227 55.191481847488"
"больницы"#"Детская городская клиническая больница №1"#"Горького, 28"#"61.441618023349 55.173149455883"
"больницы"#"Городская клиническая больница №11"#"Дзержинского, 17а"#"61.463799175534 55.120908203633"
"больницы"#"Городская клиническая больница №2"#"Ленина проспект, 82"#"61.364967193795 55.160128484038"
"больницы"#"Областная детская клиническая больница"#"Воровского, 70 ст11"#"61.37198521863 55.134829197307"
"больницы"#"Городская клиническая больница №9"#"Электровозная 5-я, 5"#"61.422621764506 55.11324920338"
"больницы"#"Областная клиническая больница №4"#"Островского, 81"#"61.36771414412 55.188323721162"
"больницы"#"Детская городская клиническая больница №2, Консультативно-диагностическое отделение"#"Марченко, 11Б"#"61.464355543697 55.170495983238"
"больницы"#"Федеральный центр сердечно-сосудистой хирургии"#"Героя России Евгения Родионова проспект, 2"#"61.276986835464 55.174753374888"
"больницы"#"Областная клиническая больница №2"#"Гагарина (Ленинский), 18"#"61.438745115007 55.138510361251"
"больницы"#"Областная клиническая наркологическая больница"#"40 лет Октября, 36"#"61.448279199991 55.15753753193"
"больницы"#"Детская городская клиническая больница №8"#"Дружбы, 2"#"61.377031424607 55.250606956734"
"больницы"#"Городская больница №1, г. Копейск"#"Борьбы, 34 к2"#"61.625659682533 55.121945149144"
"больницы"#"Детская городская клиническая больница №7"#"Рылеева, 10"#"61.376110842724 55.129101850253"
"больницы"#"Городская больница №14"#"Днепропетровская, 11"#"61.344963667363 55.112691680112"
"больницы"#"Городская больница №6, г. Копейск"#"Советов пос, 6"#"61.588699577521 55.119940631012"
"больницы"#"Областная детская туберкулезная больница"#"Блюхера, 44"#"61.368937955259 55.13257596271"
"больницы"#"Детская городская больница №9"#"Трудовая, 28"#"61.389197449553 55.267926745845"
"больницы"#"Клиника, ЮУГМУ"#"Черкасская, 2/1"#"61.376090979261 55.242812993252"
"больницы"#"Городская больница №15"#"Доватора, 26"#"61.394542758666 55.141497384796"
"больницы"#"Городская больница №3, г. Копейск"#"Комсомольская (Старокамышинск), 21"#"61.526520620624 55.052964760017"
"больницы"#"Городская больница №16"#"Суворова (Новосинеглазово), 4"#"61.371773118151 55.034639383174"
"больницы"#"Детская инфекционная больница №2"#"Малонабережная, 58а"#"61.404090364413 55.178771016731"
"больницы"#"Областная туберкулезная больница"#"Борьбы, 34а"#"61.625154126848 55.119906282283"
"больницы"#"Городская больница №4, г. Копейск"#"19 Партсъезда, 44"#"61.682553743871 55.130593908157"
"больницы"#"Городская больница №13"#"Василевского, 85"#"61.4844064514 55.097533492476"
"больницы"#"Челябинский профпатологический центр, Городская клиническая больница №8"#"Горького, 18"#"61.445222838861 55.16842138874"
"больницы"#"Областная детская туберкулезная больница №3"#"Шуменская, 16"#"61.460701865652 55.174156385933"
"больницы"#"Сосновская центральная районная больница"#"Ленина, 5а"#"61.268289020472 55.311054396629"
"больницы"#"Саргазинская участковая больница"#"Мира, 2"#"61.245249921896 55.02122274445"
"больницы"#"Городская клиническая больница №8, Хирургический корпус №2"#"Горького, 28 к2"#"61.443875813466 55.175065180493"
"больницы"#"Областная клиническая больница"#"Воровского, 70 к5"#"61.370347020603 55.135696163908"
"больницы"#"Детская городская клиническая больница №1"#"Карпенко, 41"#"61.432302659464 55.175949535048"
"больницы"#"Областная клиническая больница №3"#"Победы проспект, 287/3"#"61.342587633844 55.187164111584"
"больницы"#"Городская клиническая больница №6"#"Румянцева, 28 к3"#"61.377461039086 55.252403900555"
"больницы"#"Городская клиническая больница №5"#"Российская, 15а"#"61.411026528015 55.195363718601"
"больницы"#"Областная клиническая больница №2"#"Пограничная, 16"#"61.436522636768 55.142719890621"
"больницы"#"Детская городская клиническая больница №2, Офтальмологическое отделение"#"Марченко, 12"#"61.463740515431 55.173004813017"
"больницы"#"Областная клиническая наркологическая больница, Отделение неотложной наркологической помощи"#"Электровозная 5-я, 7а"#"61.421593059058 55.110884626054"
"больницы"#"Городская клиническая больница №8"#"Передовой пер, 4"#"61.446125224568 55.175345261303"
"больницы"#"Детская городская клиническая больница №8"#"Дружбы, 2/1"#"61.373649999504 55.250941850065"
"больницы"#"Детская городская клиническая больница №7"#"Свободы, 96"#"61.414910155739 55.150810360716"
"больницы"#"Детская городская больница №9, Отделение восстановительного лечения"#"Сталеваров, 39"#"61.403921909715 55.249032391958"
"больницы"#"Городская клиническая больница №11"#"Дзержинского, 15Б"#"61.466965941752 55.120665151921"
"фитнес-клубы"#"Family Fitness, фитнес-клуб"#"Художника Русакова, 7в"#"61.33868359205 55.183661810345"
"фитнес-клубы"#"Citrus, фитнес-клуб, Скоро открытие"#"Комсомольский проспект, 90"#"61.298981842555 55.193342559215"
"фитнес-клубы"#"Вся Медицина, медицинское учреждение, ЗАО МЦ ЧТПЗ"#"Каслинская, 24а"#"61.388621871204 55.190794719501"
"фитнес-клубы"#"Восход, спортивный комплекс"#"Новороссийская, 81"#"61.461254700032 55.111611753122"
"фитнес-клубы"#"Fit Zone, спортивно-оздоровительный комплекс"#"Солнечная, 52"#"61.316708496686 55.191180299128"
"фитнес-клубы"#"Учебно-спортивный комплекс, ЮУрГУ"#"Сони Кривой, 60"#"61.368059522038 55.157595448464"
"фитнес-клубы"#"Водный рай, досуговый центр"#"Батумская, 22а"#"61.464277124125 55.116387427299"
"фитнес-клубы"#"Рэкком, спортивный комплекс"#"Энгельса, 44д"#"61.379054645448 55.15328853274"
"фитнес-клубы"#"Юбилейный, спортивно-оздоровительный комплекс"#"40 лет Октября, 31а"#"61.45044522357 55.157840557591"
"фитнес-клубы"#"V.I.P. GYM, фитнес-клуб"#"Кыштымская, 19"#"61.392043568856 55.181363101562"
"фитнес-клубы"#"I`m Style, спортивно-оздоровительный клуб"#"Братьев Кашириных, 54а"#"61.36873226795 55.179688942362"
"фитнес-клубы"#"Сити Фит, спортивно-оздоровительный комплекс"#"Бажова, 91 к2"#"61.454470246598 55.180784055854"
"фитнес-клубы"#"Pro-Sport, спортивно-оздоровительный клуб"#"Молдавская, 16"#"61.303433917569 55.190509596774"
"фитнес-клубы"#"Fit Curves, сеть фитнес-клубов"#"Победы проспект, 390а"#"61.294077838922 55.184238863103"
"фитнес-клубы"#"House of pain, фитнес-центр"#"Молодогвардейцев, 64Б"#"61.33121465757 55.182379401346"
"фитнес-клубы"#"Мастер-класс, спортивный клуб"#"Комсомольский проспект, 33д"#"61.351295547775 55.193564028577"
"фитнес-клубы"#"Chocolad, фитнес-клуб"#"МОПРа площадь, 10"#"61.417825599217 55.163601235591"
"фитнес-клубы"#"GoldFlex, спортивно-оздоровительный центр"#"Академика Королёва, 3"#"61.299442051125 55.162837296091"
"фитнес-клубы"#"Fit studio, спортивный клуб"#"Славы проспект, 5а"#"61.613607319927 55.114675193092"
"фитнес-клубы"#"Колизей, спортивно-оздоровительный клуб"#"Свердловский проспект, 35"#"61.388179137485 55.178848644993"
"фитнес-клубы"#"Green Club, фитнес-центр"#"Воровского, 11"#"61.395051753986 55.155259707397"
"фитнес-клубы"#"Мегаспорт, спортивно-оздоровительный комплекс"#"Комсомольский проспект, 34д"#"61.34383338036 55.19569702818"
"фитнес-клубы"#"Планета Ариант, фитнес-центр"#"Российская, 40"#"61.413719002617 55.177582599371"
"фитнес-клубы"#"Air & Pole Dance Std, школа акробатических танцев и фитнеса"#"Сони Кривой, 73"#"61.374524854938 55.157216292841"
"фитнес-клубы"#"NeoGym, фитнес-клуб"#"Новороссийская, 10"#"61.491128155281 55.101746726592"
"фитнес-клубы"#"Пик формы, спортивный клуб"#"Победы проспект, 348 ст1"#"61.32044834337 55.190057382486"
"фитнес-клубы"#"Урал, спортивный комплекс"#"Труда, 183Б"#"61.373332643989 55.167177835529"
"фитнес-клубы"#"Олимп, спортивно-оздоровительный клуб"#"Бажова, 91"#"61.453171445157 55.18143592795"
"фитнес-клубы"#"Атлант, фитнес-клуб"#"Академика Королёва, 10"#"61.299578467432 55.164098894374"
"фитнес-клубы"#"Сафари, фитнес-клуб"#"Труда, 173"#"61.383515453843 55.167023367555"
"фитнес-клубы"#"Фитнес Park, фитнес-клуб"#"Молодогвардейцев, 17"#"61.330944600989 55.199972926887"
"фитнес-клубы"#"Discovery, фитнес-клуб"#"Дзержинского, 88"#"61.440834325815 55.130979752574"
"фитнес-клубы"#"Xsport, фитнес-клуб"#"Масленникова, 17а"#"61.459403285367 55.118444786545"
"фитнес-клубы"#"Ювента, фитнес-клуб"#"Пушкина, 62"#"61.409142275098 55.158784638061"
"фитнес-клубы"#"Лотос, центр красоты и здоровья"#"Свердловский проспект, 86"#"61.389077336621 55.153275983634"
"фитнес-клубы"#"Дарис, фитнес-клуб"#"Курчатова, 19 к2"#"61.3887700923 55.149501913665"
"фитнес-клубы"#"Matrix, спортивно-оздоровительный комплекс"#"Свердловский проспект, 7а к1"#"61.388585529013 55.188945854469"
"фитнес-клубы"#"Фитнес-Леди, женский клуб"#"Металлургов шоссе, 70Б"#"61.377029498653 55.247917117163"
"фитнес-клубы"#"PMgym, спортивно-оздоровительный клуб"#"40 лет Победы, 33"#"61.304209764924 55.182781080198"
"фитнес-клубы"#"Habibi-club, фитнес-студия"#"Комсомольский проспект, 39а"#"61.341306047123 55.192948504954"
"фитнес-клубы"#"Риверданс-mix, школа-студия"#"Молодогвардейцев, 60в"#"61.332086111887 55.184590229305"
"фитнес-клубы"#"Сатори, женский клуб"#"Салавата Юлаева, 28"#"61.274555871534 55.18872107579"
"фитнес-клубы"#"Sofi-sport, фитнес-зал"#"Молодогвардейцев, 36а"#"61.330349569023 55.192687578275"
"фитнес-клубы"#"ВИДГОФ, гранд-отель"#"Ленина проспект, 26а"#"61.431550934594 55.161782153279"
"фитнес-клубы"#"TechnoGym, фитнес-центр"#"Героев Танкограда, 118"#"61.451753805378 55.169342305343"
"фитнес-клубы"#"PiTMODELS, школа красивого спорта"#"Островского пер, 5"#"61.390034479966 55.186510333913"
"фитнес-клубы"#"Влада, спортивно-оздоровительный комплекс"#"Пушкина, 27а"#"61.409793110478 55.163905205618"
"фитнес-клубы"#"Альянс, спортивно-оздоровительный комплекс"#"Кронштадтская, 15а"#"61.471384052738 55.126069015073"
"фитнес-клубы"#"Идеал-М, шейпинг-студия"#"Тимирязева, 31"#"61.407474343183 55.157486501377"
"фитнес-клубы"#"Submarine Gym, спортивный клуб"#"Победы проспект, 160"#"61.404690924484 55.185879352489"
"фитнес-клубы"#"Funny, фитнес-центр"#"Мира, 10"#"61.398969178496 55.255427008328"
"фитнес-клубы"#"Территория спорта, спортивный клуб"#"Салавата Юлаева, 34"#"61.272648155572 55.187774101896"
"фитнес-клубы"#"Крепость, спортивный центр"#"Образцова, 26а"#"61.36969888923 55.146016891743"
"фитнес-клубы"#"Power Plate, фитнес-клуб"#"Энтузиастов, 11в"#"61.376614491299 55.154392037127"
"фитнес-клубы"#"Sportland, спортивно-оздоровительный клуб"#"Гагарина (Ленинский), 39"#"61.43482156432 55.125139282689"
"фитнес-клубы"#"Гармония, школа восточных практик"#"Воровского, 11"#"61.395051753986 55.155259707397"
"фитнес-клубы"#"Reginas Club, фитнес-центр"#"Братьев Кашириных, 141а"#"61.299900037992 55.169930075322"
"фитнес-клубы"#"SunClub, фитнес-клуб"#"Лесопарковая, 6"#"61.36386795548 55.150285586396"
"фитнес-клубы"#"Леди Фитнес, фитнес-клуб"#"Свердловский проспект, 31"#"61.387675952804 55.181915445424"
"фитнес-клубы"#"Харизма, спортивно-оздоровительный комплекс"#"Комарова, 125а"#"61.463064000175 55.180585544522"
"фитнес-клубы"#"Факел, спортивный клуб"#"Университетская Набережная, 34"#"61.345670814166 55.174964877083"
"фитнес-клубы"#"Академия спорта, фитнес-клуб, ООО Зодиак"#"Гончаренко, 71"#"61.430373467954 55.125099407196"
"фитнес-клубы"#"Lion, спортивный клуб"#"Комарова, 112"#"61.456440471618 55.176368214822"
"фитнес-клубы"#"Вита, фитнес-клуб"#"Агалакова, 41"#"61.447387684684 55.133058493627"
"фитнес-клубы"#"Надежда, спортивно-оздоровительный центр"#"Тимирязева, 27"#"61.410622987795 55.158037956386"
"фитнес-клубы"#"Светлана, имидж-клуб"#"Володарского, 50"#"61.385125763497 55.158722656283"
"фитнес-клубы"#"Fit lady, фитнес-клуб"#"Коммунистический проспект, 22"#"61.61870819813 55.113838408785"
"фитнес-клубы"#"Карамель, клуб красоты и фитнеса"#"Энгельса, 44г"#"61.381076690165 55.153441276412"
"фитнес-клубы"#"Апельсин, фитнес-клуб"#"40 лет Октября, 30Б"#"61.447062316957 55.159099499911"
"фитнес-клубы"#"Атлетика, спортивный клуб"#"Сони Кривой, 54"#"61.373306141752 55.157741993423"
"фитнес-клубы"#"Атлет, фитнес-клуб"#"Карла Либкнехта, 18"#"61.392992024971 55.155929408707"
"фитнес-клубы"#"Fit Time, женский фитнес-клуб"#"Барбюса, 61"#"61.428478365198 55.131918696276"
"фитнес-клубы"#"Wellness club Manhattan M, спортивно-оздоровительный клуб"#"Энгельса, 26а"#"61.379773447282 55.161207946122"
"фитнес-клубы"#"Бабий бунт, женский клуб"#"Победы проспект, 168"#"61.398721072304 55.184980193799"
"фитнес-клубы"#"FITLIVE, фитнес-зал"#"Тухачевского, 3"#"61.440284904581 55.143959414064"
"фитнес-клубы"#"Sportime, фитнес-клуб"#"Цимлянская, 2"#"61.486285605968 55.105061691757"
"фитнес-клубы"#"Maxima, спортивно-оздоровительный центр"#"Энтузиастов, 2"#"61.374735752318 55.161327963121"
"фитнес-клубы"#"Fitnes Studio Олега Иванова"#"Свободы, 8а"#"61.409880413208 55.169391265993"
"фитнес-клубы"#"Металлург, спортивный комплекс"#"Павелецкая 2-я, 20"#"61.411034930233 55.265625113261"
"фитнес-клубы"#"Pretty Woman, фитнес-клуб"#"Барбюса, 3"#"61.439147087358 55.145752783386"
"фитнес-клубы"#"Эпицентр, фитнес-центр"#"Марченко, 28"#"61.456145399355 55.163360616028"
"фитнес-клубы"#"SQ, велнес-клуб"#"Университетская Набережная, 18"#"61.364655315356 55.176189152998"
"фитнес-клубы"#"Джунгли, фитнес-центр"#"Савина, 5"#"61.444263399915 55.164804648012"
"фитнес-клубы"#"Мир танца, школа танцев"#"МОПРа площадь, 7"#"61.418365270867 55.16251987088"
"фитнес-клубы"#"MV, студия красоты и здоровья"#"Марченко, 7в"#"61.467806524442 55.171711762027"
"фитнес-клубы"#"PRIME, спортивный клуб"#"Академика Сахарова, 11"#"61.297838314573 55.158956104066"
"фитнес-клубы"#"Азимут-спорт, спортивный клуб"#"Салавата Юлаева, 13"#"61.28670292726 55.178060985415"
"фитнес-клубы"#"Иппон, спортивный клуб"#"Победы проспект, 166"#"61.400813889378 55.184650919022"
"фитнес-клубы"#"Sv-studio, фитнес-центр"#"Кирова, 27"#"61.401607222442 55.171530127722"
"фитнес-клубы"#"Барс, спортивный клуб"#"Новороссийская, 83"#"61.452706354316 55.113722142548"
"фитнес-клубы"#"Уралстронг-Силачи Руси, федерация силачей"#"Братьев Кашириных, 100"#"61.320005454524 55.179673022634"
"фитнес-клубы"#"Багира, женский клуб"#"Савина, 5"#"61.444263399915 55.164804648012"
"фитнес-клубы"#"Ракета, фитнес-студия"#"3 Интернационала, 105"#"61.421283293612 55.166895245815"
"фитнес-клубы"#"Союз, спортивный клуб"#"Театральный пер, 18"#"61.382292988825 55.256986816988"
"фитнес-клубы"#"Солнечный Остров, студия творчества и танцев"#"Энтузиастов, 26а/2"#"61.374581547417 55.150672303745"
"фитнес-клубы"#"Тандем, студия танцев"#"Академика Королёва, 19"#"61.297722778866 55.161500441375"
"фитнес-клубы"#"Fit Curves, сеть фитнес-клубов"#"Дегтярёва, 83"#"61.397916494526 55.247570739636"
"фитнес-клубы"#"Sasha Versal, фитнес-студия"#"Цвиллинга, 49"#"61.408308315195 55.154179412054"
"фитнес-клубы"#"Fit Zone, спортивно-оздоровительный комплекс"#"Металлургов шоссе, 49а"#"61.371796539141 55.243016635261"
"фитнес-клубы"#"Форма, тонус-центр"#"Победы проспект, 16Б"#"61.610988554457 55.117948038038"
"Торгово-развлекательные центры / Моллы"#"ГагаринПарк-Nikaland, торгово-развлекательный комплекс"#"Труда, 183"#"61.375022918492 55.167867042503"
"Торгово-развлекательные центры / Моллы"#"Родник, торгово-развлекательный комплекс"#"Труда, 203"#"61.355775616921 55.170990142248"
"Торгово-развлекательные центры / Моллы"#"Фиеста, торгово-развлекательный центр"#"Молодогвардейцев, 7"#"61.327474541626 55.204748782719"
"Торгово-развлекательные центры / Моллы"#"Куба, торгово-развлекательный комплекс"#"Цвиллинга, 25"#"61.405138970399 55.16479159448"
"Торгово-развлекательные центры / Моллы"#"Фокус, торгово-развлекательный комплекс"#"Молдавская, 16"#"61.303433917569 55.190509596774"
"Торгово-развлекательные центры / Моллы"#"Горки, торгово-развлекательный комплекс"#"Артиллерийская, 136"#"61.430799968697 55.164019900437"
"Торгово-развлекательные центры / Моллы"#"Урал, торгово-развлекательный комплекс"#"Воровского, 6"#"61.394889966826 55.157402379845"
"Торгово-развлекательные центры / Моллы"#"Северо-Западный, культурно-торговый комплекс"#"Победы проспект, 348 ст1"#"61.32044834337 55.190057382486"
"Торгово-развлекательные центры / Моллы"#"Маркштадт, торговый комплекс"#"Маркса, 131"#"61.393968111146 55.164442248783"
